seed,iteration,policy_loss,value_loss,mean_task_return
7,1,-0.174373,1.005686,-217.368253
7,2,-0.088231,0.998625,-205.195941
7,3,-0.076897,0.997892,-212.001518
7,4,0.018632,0.994794,-219.442430
7,5,0.024533,0.995748,-222.987436
7,6,0.056338,0.995903,-221.072934
7,7,0.105327,0.992960,-267.153891
7,8,0.064472,0.994994,-179.346242
7,9,0.074670,0.993729,-167.785001
7,10,0.144185,0.990051,-220.556036
7,11,0.116571,0.989917,-197.173976
7,12,0.195829,0.988272,-249.634148
7,13,0.070090,0.984384,-181.473145
7,14,0.180322,0.987018,-228.144495
7,15,0.148955,0.979439,-220.698780
7,16,-0.030757,1.000168,-129.955937
7,17,0.147067,0.975516,-243.483084
7,18,0.072720,0.996805,-211.880648
7,19,0.023211,0.989540,-182.523873
7,20,0.228276,0.971512,-237.513736
7,21,0.067493,0.997223,-171.825498
7,22,0.100887,0.989598,-201.995758
7,23,0.145776,0.980021,-233.970290
7,24,0.082578,0.983386,-222.872462
7,25,0.139437,0.986894,-261.214193
7,26,-0.112312,0.988154,-151.082582
7,27,-0.076596,0.975536,-183.757199
7,28,-0.002196,0.971959,-191.376571
7,29,-0.074237,0.977639,-197.740491
7,30,-0.039478,0.991304,-190.666850
7,31,0.098501,0.979053,-197.772280
7,32,0.076919,0.971940,-231.852419
7,33,0.002936,0.974611,-201.428953
7,34,0.077627,0.969507,-201.783716
7,35,0.003212,0.985573,-195.414850
7,36,-0.090860,0.993199,-144.397619
7,37,0.154555,0.979064,-218.906225
7,38,0.295204,0.971871,-224.294490
7,39,0.094399,0.975498,-200.166922
7,40,0.181933,0.966287,-191.970165
7,41,0.071840,0.967616,-178.763333
7,42,0.216726,0.966932,-223.702566
7,43,0.095182,0.975449,-209.149288
7,44,0.259580,0.978191,-226.980028
7,45,0.040779,0.966632,-206.329073
7,46,0.243201,0.950946,-252.622612
7,47,-0.237480,0.973678,-167.298857
7,48,-0.143831,0.950706,-213.407626
7,49,-0.192958,0.968290,-201.830010
7,50,-0.265060,0.956622,-176.275036
13,1,0.289202,1.002150,-205.939784
13,2,0.296465,1.000268,-194.785423
13,3,0.252019,1.000610,-209.082937
13,4,0.194710,0.999346,-206.413554
13,5,0.203914,0.998017,-209.159192
13,6,0.212111,0.994416,-234.343564
13,7,0.190698,0.998586,-207.550424
13,8,0.123370,0.998282,-201.908363
13,9,0.102657,0.996837,-176.376703
13,10,0.099327,0.992999,-209.191227
13,11,0.045016,0.993923,-170.774214
13,12,0.063333,0.993908,-175.247199
13,13,-0.034248,0.998817,-138.786919
13,14,-0.004744,0.991299,-166.489755
13,15,0.036763,0.993422,-177.590157
13,16,0.022449,0.989745,-159.583467
13,17,0.065057,0.990060,-171.689913
13,18,0.083972,0.987721,-208.962370
13,19,0.057344,0.997008,-184.103844
13,20,0.112669,0.988830,-176.579980
13,21,0.074345,0.989635,-177.643620
13,22,0.026810,0.999773,-141.074608
13,23,0.114982,0.986828,-202.078466
13,24,0.073840,0.988359,-157.582425
13,25,0.010952,0.981957,-158.248507
13,26,0.097060,0.999313,-177.601095
13,27,0.158371,0.980751,-232.412297
13,28,0.151458,0.988545,-189.308264
13,29,0.193812,0.990272,-209.129859
13,30,0.112215,0.982660,-201.976576
13,31,0.224809,0.984072,-247.694169
13,32,0.077356,0.987838,-201.772628
13,33,-0.027953,0.981575,-150.119576
13,34,0.022797,0.980965,-188.091970
13,35,0.025437,0.980095,-198.665337
13,36,-0.013708,0.985227,-188.936781
13,37,-0.009350,0.989665,-184.369322
13,38,-0.030320,0.975596,-205.170976
13,39,-0.129189,0.987944,-171.475589
13,40,-0.097785,0.977530,-150.406383
13,41,0.030236,0.990454,-188.007496
13,42,0.039108,0.980171,-201.925646
13,43,-0.089275,0.980363,-150.526743
13,44,-0.025752,0.984848,-159.366625
13,45,-0.028864,0.974235,-156.736621
13,46,0.025646,0.989987,-160.724275
13,47,0.285882,0.991169,-213.455390
13,48,0.028879,0.975354,-163.276172
13,49,0.010190,0.977819,-150.981548
13,50,0.096790,0.988481,-175.446508
23,1,-0.164855,1.000552,-126.488444
23,2,-0.137117,0.999389,-197.657608
23,3,-0.156345,0.999102,-132.316530
23,4,-0.064052,0.998043,-199.020328
23,5,-0.038098,0.995867,-188.070550
23,6,-0.043989,0.998339,-142.898298
23,7,0.003272,0.995225,-173.695157
23,8,0.009868,0.997347,-146.945523
23,9,0.106877,1.000119,-172.718532
23,10,0.021750,0.996043,-186.348612
23,11,0.097641,0.995650,-187.961605
23,12,0.076103,0.996468,-166.997271
23,13,0.189031,0.995038,-186.113146
23,14,0.066769,0.997867,-149.290207
23,15,0.053599,1.001188,-110.802499
23,16,0.034887,0.994657,-162.646656
23,17,0.137373,0.987284,-223.706319
23,18,0.089278,0.994583,-134.763220
23,19,0.104199,0.994215,-152.514665
23,20,0.092224,0.989103,-175.766297
23,21,0.155670,0.991099,-187.530525
23,22,0.065665,0.991338,-170.882282
23,23,0.041209,0.985975,-151.557837
23,24,0.083711,0.987664,-169.452365
23,25,-0.021362,0.992192,-136.406670
23,26,0.131737,0.986511,-210.237962
23,27,0.057924,0.984411,-169.736100
23,28,0.095021,0.990920,-186.669490
23,29,0.032597,0.991348,-169.252072
23,30,-0.001630,0.991266,-140.783107
23,31,-0.034758,0.988236,-159.696837
23,32,-0.032813,0.993525,-150.462838
23,33,-0.009187,0.994976,-146.472894
23,34,-0.062726,0.997338,-131.624450
23,35,0.028519,0.990358,-171.963113
23,36,0.070489,0.977500,-177.223959
23,37,-0.019935,0.994683,-141.110846
23,38,0.145693,0.983191,-199.487164
23,39,-0.002672,0.992673,-155.773899
23,40,-0.038830,0.999987,-133.017925
23,41,0.110558,0.971261,-188.507592
23,42,0.005747,0.986113,-156.677008
23,43,0.174720,0.973105,-199.225108
23,44,0.108243,0.979732,-186.637695
23,45,0.002227,0.980969,-162.202734
23,46,-0.048728,0.998817,-135.785561
23,47,0.111560,0.971401,-191.806110
23,48,0.051251,0.980413,-157.964186
23,49,-0.084518,0.997168,-118.234004
23,50,-0.025155,0.979674,-143.121717
