seed,iteration,q_loss,v_loss,policy_loss,kl_loss,mean_transitions_per_task
7,1,0.509868,0.005885,1.754144,7.315190,480.00
7,2,0.442746,0.001527,1.752343,5.694695,600.00
7,3,0.498614,0.001050,1.757034,4.518195,720.00
7,4,0.300483,0.004189,2.079227,3.335575,840.00
7,5,0.266172,0.021119,2.685272,2.698410,960.00
7,6,0.386284,0.008485,2.625045,2.298223,1080.00
7,7,0.337033,0.249798,4.119598,2.746592,1200.00
7,8,0.385951,0.015109,2.905588,2.191185,1320.00
7,9,0.358528,0.015387,3.729958,2.202400,1440.00
7,10,0.517831,0.013121,3.304067,2.335541,1560.00
7,11,0.675411,0.061927,3.601380,2.027666,1680.00
7,12,0.402169,0.026322,4.838080,2.173980,1800.00
7,13,1.086267,0.037665,4.580707,2.266853,1920.00
7,14,0.862309,0.015280,4.912433,2.558948,2040.00
7,15,1.333361,0.010911,4.160878,1.812863,2160.00
7,16,1.544011,0.090044,6.438812,3.073825,2280.00
7,17,1.072503,0.084876,6.504432,2.303139,2400.00
7,18,1.031399,0.418770,7.454405,2.572081,2520.00
7,19,2.227375,0.149341,6.433780,2.596332,2640.00
7,20,2.002543,0.031761,6.625659,2.733219,2760.00
7,21,1.846492,0.051728,6.813875,2.572291,2880.00
7,22,1.535705,0.192701,5.915095,2.268490,3000.00
7,23,1.669350,0.025594,5.747049,1.974634,3120.00
7,24,2.304309,0.025422,8.038574,2.843233,3240.00
7,25,1.773664,0.040759,6.694144,1.950512,3360.00
7,26,1.830160,0.014488,7.038622,1.734403,3480.00
7,27,1.885667,0.033465,8.414343,2.586445,3600.00
7,28,5.838547,0.056187,8.708910,2.610889,3720.00
7,29,3.330358,0.033731,7.475067,2.500473,3840.00
7,30,1.792986,0.088394,7.695761,2.287279,3960.00
7,31,4.292171,0.040053,7.958444,2.345897,4080.00
7,32,2.285857,0.013394,7.849278,2.873661,4200.00
7,33,4.618441,0.168530,8.358379,2.600794,4320.00
7,34,4.051468,0.020362,9.733663,3.631708,4440.00
7,35,4.882012,0.134022,8.182749,2.424069,4560.00
7,36,2.647002,0.127220,10.654078,3.719014,4680.00
7,37,3.259427,0.044433,8.053284,2.330566,4800.00
7,38,0.918981,0.049336,7.236597,2.464154,4920.00
7,39,8.057102,0.017683,8.442510,2.042596,5040.00
7,40,1.201538,0.046181,7.767347,2.264645,5160.00
7,41,2.987012,0.067453,9.492104,3.334373,5280.00
7,42,8.652761,0.166785,10.047933,3.924361,5400.00
7,43,1.015774,0.034471,10.136183,2.395151,5520.00
7,44,5.450890,0.149587,10.953737,3.428028,5640.00
7,45,4.617442,0.392233,10.758144,2.921010,5760.00
13,1,0.380788,0.003916,1.486405,6.365782,480.00
13,2,0.281259,0.004419,1.535233,5.140530,600.00
13,3,0.223776,0.022928,1.651276,3.916323,720.00
13,4,0.256957,0.017903,1.988116,3.030413,840.00
13,5,0.357186,0.015240,2.638878,2.687434,960.00
13,6,0.353926,0.054411,2.678106,2.371890,1080.00
13,7,0.199201,0.010277,2.733132,2.309656,1200.00
13,8,0.708398,0.012192,3.210818,2.699263,1320.00
13,9,0.377400,0.093257,3.817085,2.426590,1440.00
13,10,0.537185,0.017274,3.711436,2.101400,1560.00
13,11,0.785561,0.042682,4.174730,2.470787,1680.00
13,12,0.318464,0.016680,3.881144,2.150511,1800.00
13,13,0.814600,0.022865,5.143364,2.477107,1920.00
13,14,0.751376,0.008452,3.541136,1.908665,2040.00
13,15,0.341040,0.035932,4.033022,1.707946,2160.00
13,16,0.438076,0.012443,4.751505,1.796486,2280.00
13,17,1.245361,0.021954,5.156217,1.762746,2400.00
13,18,1.072385,0.043291,6.929546,2.628724,2520.00
13,19,0.981435,0.028708,6.417694,2.141397,2640.00
13,20,1.511777,0.159487,7.446366,2.858410,2760.00
13,21,1.733997,0.036961,6.083201,2.014899,2880.00
13,22,1.753206,0.085225,6.162152,1.740288,3000.00
13,23,1.105687,0.017477,5.944690,1.956127,3120.00
13,24,3.081198,0.031702,6.063283,2.301390,3240.00
13,25,1.018472,0.033802,6.353407,1.923118,3360.00
13,26,1.672873,0.034252,5.663128,1.666932,3480.00
13,27,2.185974,0.028186,7.366643,1.844536,3600.00
13,28,3.175746,0.137325,5.449142,1.687721,3720.00
13,29,1.606692,0.054301,8.095277,2.441021,3840.00
13,30,1.739261,0.054105,6.435675,1.721100,3960.00
13,31,1.161323,0.019006,9.059008,2.779769,4080.00
13,32,2.123243,0.254597,7.270415,2.016760,4200.00
13,33,2.341737,0.058004,7.902371,1.830535,4320.00
13,34,1.833165,0.270797,7.771056,2.144707,4440.00
13,35,5.037735,0.097748,7.905178,2.226954,4560.00
13,36,7.976737,0.171966,8.950356,2.673393,4680.00
13,37,4.002955,0.144485,9.139226,2.784004,4800.00
13,38,1.819957,0.024403,8.023363,1.856597,4920.00
13,39,1.180631,0.056490,8.515318,2.272957,5040.00
13,40,3.059677,0.018321,8.371113,2.080071,5160.00
13,41,2.945062,0.070901,8.471391,1.971817,5280.00
13,42,4.270429,0.239247,8.994223,2.333530,5400.00
13,43,2.748158,0.064771,7.611651,1.896481,5520.00
13,44,4.933122,0.039225,8.071476,1.826693,5640.00
13,45,4.640457,0.230217,12.073586,3.076785,5760.00
23,1,0.598344,0.016982,1.634608,7.153407,480.00
23,2,0.265128,0.014641,1.545419,5.901503,600.00
23,3,0.483515,0.028299,1.570557,4.660658,720.00
23,4,0.226913,0.006278,1.795101,4.010885,840.00
23,5,0.303154,0.005630,1.998895,3.271467,960.00
23,6,0.371998,0.011777,2.336826,3.063232,1080.00
23,7,0.386942,0.006478,2.344257,2.713965,1200.00
23,8,0.279943,0.015574,2.899569,2.663292,1320.00
23,9,0.337902,0.011070,3.104664,2.157206,1440.00
23,10,0.324922,0.010719,2.866557,2.371385,1560.00
23,11,0.486010,0.025884,3.143569,2.324679,1680.00
23,12,0.710699,0.122959,4.177213,2.575660,1800.00
23,13,0.475930,0.026555,4.572537,2.385184,1920.00
23,14,0.428316,0.020995,4.161513,2.408021,2040.00
23,15,1.917076,0.138013,4.505922,2.253628,2160.00
23,16,1.677020,0.041362,4.639827,2.086498,2280.00
23,17,1.164518,0.030111,4.290033,1.918459,2400.00
23,18,0.694774,0.027660,5.306558,2.218576,2520.00
23,19,0.709890,0.025152,4.501280,2.052910,2640.00
23,20,1.740659,0.074971,5.181092,2.645335,2760.00
23,21,2.509394,0.144219,5.594592,2.412961,2880.00
23,22,0.344792,0.105019,5.478612,2.200212,3000.00
23,23,1.798107,0.026143,6.213710,2.155610,3120.00
23,24,1.101993,0.025280,7.012081,3.167899,3240.00
23,25,1.889819,0.020322,6.505659,3.030692,3360.00
23,26,2.889745,0.027329,7.896605,2.719965,3480.00
23,27,1.131163,0.030324,7.432120,2.807874,3600.00
23,28,1.023603,0.024041,5.288410,1.899325,3720.00
23,29,1.158660,0.012165,7.574602,1.919157,3840.00
23,30,2.381786,0.019804,7.244363,2.006212,3960.00
23,31,3.116060,0.215139,8.054680,2.589142,4080.00
23,32,4.826399,0.109727,8.617878,3.122293,4200.00
23,33,2.763738,0.112123,6.402357,1.999566,4320.00
23,34,1.501402,0.025640,6.760927,1.975923,4440.00
23,35,3.262987,0.225153,8.604409,2.623991,4560.00
23,36,1.324625,0.059714,6.982101,1.785882,4680.00
23,37,2.771111,0.038431,8.461769,2.629892,4800.00
23,38,1.075774,0.044339,6.817335,1.866162,4920.00
23,39,3.552996,0.073541,9.976538,2.587250,5040.00
23,40,1.879675,0.039992,8.254553,2.375015,5160.00
23,41,1.768380,0.035926,6.729253,2.160139,5280.00
23,42,1.581586,0.082439,7.999144,2.205456,5400.00
23,43,1.883251,0.093862,8.170225,2.437477,5520.00
23,44,2.948433,0.351200,10.444858,2.544230,5640.00
23,45,2.642107,0.061766,7.590043,2.084254,5760.00
